,0,1,2,3,4,5,6,7,8,9,10,11,12,13,14,15,16,17,18,19,20,21,22,23,24,25,26,27,28,29,30,31,32,33,34,35,36,37,38,39,40,41,42,43,11592607,11678838,11679381,11679550,11710924,11711990,11715055,11720161,11727216,11729122,13526656,18044039,18051039,20873674,20927098,21070363,31390645,31608027,37676634,38276255,38425640,1192717326,1196907375,1229984226,1253387841,1253709106,1279278264,1290765626,1294003190,1344242919,1379257328,1414550429,1478209881,1531973282,1625974889,1888220096,1894997278,1948933041,1977740975
0,3.365422906999596,4.7352449450051575,4.423315046674961,4.205277176925164,3.9855272999896525,4.595690979466468,4.077746581810497,4.447015517309374,4.378787677149222,4.501673219959732,4.174864762870128,3.83957651082678,4.10708690696251,4.588298622971338,4.0904673190713625,4.305525213963995,4.4694325442178044,4.186947880138202,4.432077207852197,3.9474364803334248,4.484886984437943,3.8692637567658794,4.431612686412333,3.9647137221339004,4.50861348214212,4.42061391915561,4.195613415298755,4.449603738939812,4.5937232147813125,4.334653663351629,4.4274289463877,4.621113208207109,3.924982792997702,3.6542007550203373,4.365356668616952,3.9401436710840723,4.3520824402949065,4.547215839569581,3.9600055814962314,3.5884453102910876,4.116759830548338,4.45476195529654,4.008652187865253,4.42767453679851,4.556842565014031,4.528879966284319,4.34205519579937,3.664853213045914,4.21643970824625,4.544551315182288,4.322875974248108,4.374212202535696,4.21201726059805,4.196100639817445,4.589648311753127,3.9740551235678345,4.901886980677426,4.292166049675938,4.013263982339903,4.19831617473493,4.1386030227582316,4.132531229420405,4.849875399035784,4.227934312421208,4.542866561253283,3.88768610140004,4.245355618660836,4.468996085919306,4.386947494644457,2.8729796800132825,4.2313509625311285,4.384843251466329,4.80117618097392,4.4230416987651955,4.196717140251026,4.156527042026773,4.162064340253775,4.456085324157849,4.573081401898428,4.606852801987341,4.11593166647327,4.116971877519629,4.107565683032628
1,4.740736930790447,4.933974159835165,4.476509828112118,4.564687409951472,4.316986536754281,4.874849333889032,4.4820818447645605,4.805890662628097,4.7083598309913,4.529215125488916,4.3652327317422825,4.0602832282203245,4.221891245161083,4.717564331042139,4.156571821499989,4.4661141351879765,4.501327403415143,4.549167445393788,4.731884704825647,4.062423996391674,4.653015529242314,3.934785129207325,4.778026217945458,4.2133959347078696,4.6497598502400015,4.637856719193426,4.626809535424818,4.5589747213121825,4.580624289258773,4.445823691180032,4.696418263207359,4.739527924230059,4.274609699394713,3.919811668536874,4.394816322489592,4.371388470720414,4.446911345601138,4.503117094733955,4.489060898988932,4.173055649607558,4.5137609526653515,4.565526165394635,4.08676633869376,4.647214743771159,4.576044175460538,4.64225687593447,4.409029140931513,4.306013587265072,4.1104575254048505,4.7519042490102015,4.592070961109677,4.642477058652973,4.599238248499748,4.7806549948000026,4.529895969777871,4.284324030433371,4.75221127348606,4.800691735471686,4.522207500468988,4.660998752820682,4.1476031972360605,4.15814355723547,4.938427109367272,4.300047069045961,4.789541666592213,4.12386809662879,4.426055027706744,4.82633649389623,4.476992124607064,3.176489549963736,4.658668522342308,4.76297791923372,4.889802983262786,4.444610872270268,4.560874203913696,4.36530521863898,4.615092465354671,4.702476390966794,4.812002957443223,4.89766448262055,4.543509120332693,4.509024671690532,4.629064289232263
2,4.098543817486118,4.105032457161083,3.9594519245918574,3.346360507398478,3.6908127880572965,4.091171735853399,3.7297866414587597,4.075557528868089,4.047333073593142,4.165699245207299,3.7165302153346875,3.671431619523419,3.6847468223468267,4.1943579617550135,3.464768596098805,3.872193632564021,3.7798300445439548,4.059693308465486,4.052383295289345,3.737196302680014,4.220756801732395,3.831684864433617,4.0487263340211825,3.7321459445989333,3.9081908138533272,4.324982820792506,4.147680941742168,3.941266787163163,4.044985778026641,4.122192355111594,4.052986265292083,4.278160105151993,3.480255709635459,3.1732226347113563,3.924053752071977,3.6769409124058314,4.094234316352461,4.210996641021483,3.8700257376326226,3.6184699511533935,3.946690421490333,4.021070056404854,3.664691502405444,4.276737637117514,4.058970542739755,4.093477694474581,3.8447601683739805,3.6301268723577405,3.8436808307849515,4.093826803992931,4.26018774100265,4.057292824456895,3.91193846598073,4.296117575334472,4.167095504748913,3.8258620264897676,4.010175729782736,4.77663315510715,4.007892930527515,3.9999860733889485,3.7580114170208976,4.041177853594196,3.9899091336649257,3.642933582557035,4.105751154915996,3.579745068807584,3.8533311907886842,4.4326652345588435,4.0521864326249055,3.1442163449535028,3.9881358153068414,4.064492524458436,3.8404345758255025,4.078313511458107,4.002439641170343,3.9993322329814878,4.04480986379754,4.178259724628315,4.253683898554612,4.167008341618359,3.9289094522523604,4.122596175072223,4.262808564552148
3,4.177247994249076,4.646907099086491,4.324794155480195,4.400588573490319,3.8999178364655886,4.729402537906871,4.190868140619199,4.464287889777849,4.630787306983845,4.4824166643135275,4.237837805560898,4.040154579259868,4.025422708720618,4.522676596992267,4.1595246483680945,4.296365075301088,4.439428006387584,4.4488307637117925,4.4633012684386735,3.9683495449082695,4.613276349818068,3.897698134298053,4.594266897711619,4.175565995553778,4.553760127755552,4.430354010115295,4.312231370812463,4.2457006231501175,4.394675220654767,4.46255545028573,4.5155932210691345,4.910074245509184,4.044709649844557,3.7111523410864518,4.392493188221122,4.086582979781656,4.374187050498585,4.651682216899544,4.226222346904916,3.8043332619461343,4.401419905034282,4.400133549370663,4.1324786433274046,4.683318006362377,4.624043838087047,4.501676398691462,4.295550995305373,3.9654379093316274,4.131530913183241,4.5379017429389785,4.90394335415193,4.451003040343084,4.326377701923209,4.5474695727662375,4.447827826679826,4.213797263153702,4.887669813878302,4.717077570530848,4.449437876392489,4.1223689535922885,4.189550620314074,4.336481822883856,4.733838286768362,4.1661289351251325,4.627834058035841,4.083004281115635,4.39951301330669,4.4664207536082525,4.49779271632993,2.9303787052790478,4.422672468058906,4.5476918255353125,4.460676054112806,4.377334510992329,4.393811205637264,4.280065400848081,4.568871964063826,4.692343005818274,4.71833914817219,4.594201872837113,4.2609750086202425,4.47725208322377,4.447568112955452
4,3.8154766656772714,4.047752134508729,3.940327758664668,4.0644397989248136,3.1535210468852752,4.561081487767673,3.615004677035123,4.222431363406727,4.397562771377043,4.165645161325606,3.9913384903071663,3.4180142490920318,3.8147097130771974,4.199053789983059,3.7675846920055913,3.8691782854291468,4.307682347026317,4.0807430126211415,4.029500141321172,3.604946045706418,4.138326645037344,3.630131633490621,4.296973155303269,3.7091537916025548,4.254257798841854,4.06531249401433,4.0405640102392235,4.013530307711134,4.145306198955797,4.122814047230899,4.384400601922646,4.494115758378195,3.7181432108183037,3.700504920611702,4.028700237223036,3.6261771151893045,3.8197882120173445,4.12896180403619,3.913440707754639,3.572485162192498,4.095299169755007,4.001835628630914,3.869487835787371,4.4201089998616805,4.349990248731255,4.105056119653365,3.940495618685956,3.6066614757824325,3.9170611055724613,4.191839844576622,4.47026160343791,4.2389356367019895,3.9844072707454643,4.090848399852031,4.0466212594113,3.797180904045512,4.857160925887312,4.16370361012085,4.097310193180827,3.945871433434842,3.8636128695483754,3.979603471806294,4.5003277641357,3.7990922926190933,4.3028993515839,3.6673854059275066,4.119398380536809,3.9657081908045777,4.088143345754001,2.0331990105885787,4.003084943952781,3.9901801340088876,3.9696052174644856,4.140357079858858,3.989907408419976,3.8228644118337094,4.220829107138269,4.417492302070796,4.437442731045643,4.300570871954205,3.9602396279269216,4.268578609478977,3.9801302940060364
5,4.390880358819006,4.573882350391556,4.37175975217069,4.6450393210701115,4.247596634618328,4.72021143736877,4.283015425877105,4.49129980704873,4.487963536399774,4.591478488720851,4.550262330717711,3.990009220725276,4.25455437923843,4.546240614922656,4.225068651510892,4.33713054251744,4.502617875312661,4.618048126589038,4.565342900281235,4.053471955640855,4.693020980606503,3.827390453631735,4.702234132107384,4.211207605600141,4.782299876057059,4.798142618453828,4.378781087961956,4.4457952034111,4.601861411968704,4.6472195594789465,4.662885764476666,4.725128459666983,4.061471721153479,3.9568688255150986,4.569541995571833,4.2034685892252694,4.48092628504868,4.754790124257118,4.02622986093149,4.092102136911709,4.296510677768665,4.672107897198472,4.308415959629647,4.7191881821561745,4.621650560925883,4.576976307796498,4.335189597118554,4.140060496525838,4.50268062214733,4.721482223434302,4.577364377864156,4.749906382252966,4.3820105676151915,4.5452226601463455,4.554678463660558,4.259246192197093,4.683607292364252,4.521951107879516,4.3804105310794945,4.5294234870125,4.232011714111195,4.135851972054755,4.756887170297551,4.195644420815115,4.882360352799078,4.259175315465748,4.311721581587268,4.685541534600498,4.6098220305823645,3.521796461617992,4.286712869285665,4.691352226181012,4.489834407424478,4.3721600186645695,4.396720438912671,4.451565074398283,4.4364071779547265,4.5130239610453176,4.737761702296808,4.719769816730139,4.139881304312419,4.4181467368424086,4.6282731940569555
6,3.811702349864492,4.287167438981752,3.911053145956713,3.741632715695033,3.7554708184578693,4.259007236126112,3.701055700180921,4.119324174849485,4.262462932756278,4.242751999753581,3.868416670448098,3.473280163272418,4.0317381194335455,4.198386694826379,3.6090777596271404,3.972940957128323,3.9761520321441193,4.011635972194721,4.197310559594193,3.5317945360052336,4.16343079407007,3.5058892163751856,4.154291988850721,3.413030897332299,4.032762874501644,4.101605888147461,4.1124824859398,4.052644964932355,4.030341525578872,4.099850437231363,4.18943206743425,4.113266029518968,3.7633840751616097,3.380286556588736,3.9379687350972667,3.8056015943750805,3.880077880734783,4.20516465180359,3.8793326378606814,3.6068650829892355,3.97281188228601,4.097224469916608,3.5889529046083912,4.146721041198921,4.161742064179897,4.244835339956466,3.967217865367564,3.6909168557426346,4.047363917936729,4.173769989563592,4.052900305774853,4.187656340363612,4.027036290711592,4.075169618986401,3.940316799538795,3.696797451478287,4.366675008595427,4.342106919046435,3.9889808457923404,3.9067543254032335,3.7415050708770003,3.815097246058818,4.223405387493679,3.905801599519607,4.2559142742427,3.1090282955666813,3.9297593975751974,4.41150278051031,3.997890381819751,3.1430164868748753,3.9094639314944413,3.8955327380737774,4.0012652285349235,4.110531040141802,3.9728699771282305,3.9778303593726445,3.9807266795677565,4.177930574525703,4.278247995413227,4.17071748463934,3.9459049553113377,3.9640916196635,4.058541834714687
7,4.703016858003627,4.6378635459711095,4.640922816522269,4.6352317092642075,4.219014290678205,5.0,4.4597652068086315,4.84724349489102,4.719047591256991,4.838413189518412,4.744111224066694,4.188500655300131,4.602953758869067,4.761104996482674,4.440044994958603,4.5574930764118164,4.710333681991218,4.741874900771977,4.801086652403325,4.436765432669262,4.965115471988732,4.397197723468836,4.996480208863803,4.339812816811138,4.883724273120684,4.927091351345501,4.824624290379822,4.698636909025543,4.807232851424973,4.807077785204925,5.0,5.0,4.368950264162627,4.235619064640777,4.605088817728513,4.401403866534025,4.775535203634053,4.951477074347618,4.512790662747495,4.3454716216127585,4.886631155294197,4.837670552041752,4.557298166056654,4.851699443903162,4.906113563822618,4.7732236432183885,4.393354132055145,4.407477211138681,4.624145770564139,4.843369718365061,4.802625168668116,4.892262316629918,4.66819142121055,4.778999688201214,4.854671181263621,4.654129428504444,4.938078165255128,4.991521396931899,4.715093888240232,4.733165484025695,4.459696180745783,4.583046440331992,4.868198507364948,4.306531925835084,4.955837524303924,4.339320789426578,4.620531787472637,4.977071178595707,4.808011910992151,3.5668000614287787,4.672045708373106,4.747115791077319,4.553248845113917,4.755951757469586,4.7273226807219455,4.584352836404164,4.8376320794298024,4.94689221824197,4.9427833609186,4.989003202957082,4.8239842660776695,4.909096061119029,4.892794867079352
8,4.240514617726556,4.518043550158682,4.3515934566867776,4.47136191460352,3.925884992095799,4.920144096223775,4.024342906370366,4.5977849799466,4.731531865715048,4.495823780585648,4.291843556467728,3.826372359414375,4.128749868648887,4.587714331561374,4.369315770537627,4.1700113988110825,4.633931176944498,4.346347791268035,4.443210266661313,3.90265941225003,4.508643768430664,3.8714787469301117,4.830927081236536,4.138925639777213,4.758676199787042,4.417500575456738,4.325987361506887,4.439990968809013,4.669570448853591,4.501365108672907,4.568019240035906,4.7502827134228465,3.956171630220328,3.8939305858299353,4.29226017843129,3.840086599780101,4.389268371782734,4.483701432080612,4.212630073454304,4.086802914906464,4.523977951713286,4.320591300124927,4.2082617310451225,4.708654204330017,4.625570827501525,4.528931868116405,4.291483420011963,3.997195607289145,4.34767927963104,4.754109835739646,4.484644554329103,4.635980704908295,4.344436420772459,4.399414688190961,4.651754501570412,4.227139359826424,4.977382349052902,4.501995526544976,4.4233796070071785,4.520528745185102,4.135791267912931,4.222315504570293,4.902654193166916,4.193051958323926,4.69793430641977,3.9712343129671575,4.38327534056242,4.547497094311038,4.408802963896647,2.1534225092771875,4.255585173949077,4.429447355515405,4.50819163332678,4.339546141412533,4.5247037596475455,4.175436741992791,4.475476988010942,4.599663814553478,4.981349426748535,4.5496790930278275,4.257496132509644,4.569269970714147,4.345814637108919
9,3.539070048320116,3.7819440172794483,3.740801137661387,3.813059719311189,3.1283654177977924,4.424972638830741,3.0441891547386297,4.118674668433163,4.230116098717364,3.8670265616435553,3.5398929962119934,3.195371120562928,3.386134073239024,3.8238359292916275,3.5711580612835787,3.4956115782617365,3.8914464738575116,3.8672826190565344,3.8489705985349985,3.193648036685542,3.946109835393193,3.2075721018871497,4.226247062700943,3.7584117001609663,4.089386986541627,3.9112012939626792,3.778055066001975,3.81235038631357,4.113296610273565,3.812731066408025,3.9383037905684164,4.297983457741607,3.291470249419875,3.2150700050178944,3.576287507883654,3.132817389708561,3.8200947560076686,3.9408072013076287,3.822635320531723,3.6289506549001143,3.9511147640141413,3.4930985012398956,3.685711473668707,3.9995449916498322,4.037532103701061,3.8172802306867117,3.6347737869675365,3.3430864930076254,3.547339258674935,4.154447792936089,3.952771220569381,4.065385944705243,3.8655156222305145,3.70243163002526,3.9177000357875404,3.6197645952695807,4.187306787891956,3.8386034694215554,3.8629918697360246,3.9616239383552294,3.510656410244265,3.6479779507743277,4.182770777374971,3.4214778470585188,4.065221613768722,3.4387440424131372,3.860292584831524,3.8130027584208173,3.5703187676657646,1.1102935067349704,3.655690942779727,3.766132277660694,3.8461200883437447,3.935247287368091,3.6399329285597264,3.3595177214995635,3.832916738325936,4.179847067841632,4.230190194827718,4.2270539957323665,3.515146091800625,4.009085433544441,3.5812076546273546
10,4.011461374264586,4.188856683393622,4.10333189913317,4.1624511024045034,3.733744404431212,4.2936568373742565,3.8542278211656162,4.115865236910433,4.230482553672266,4.166339027828122,4.019685386843287,3.7472632164350372,3.8984785534109014,4.290138001261022,3.7786729086223843,3.9863596059566264,4.217975091831446,4.153032738990106,4.154373720997004,3.860145018017781,4.348692592544415,3.8491293452438264,4.173442731762331,3.7840920993455858,4.2744695566834725,4.259913037681459,4.023575810297157,4.043233866571734,4.2095531761060965,4.170885526349524,4.236740984799359,4.37461548697235,3.7836065158444625,3.4832216634657724,4.0859195756960744,3.713773352983194,4.156884803456916,4.363012335657719,3.8545608062236827,3.6981800960478095,4.110926102344406,4.1875957426716734,3.8343611862048594,4.350273336465515,4.217258145397164,4.168574355621489,4.0007566243227695,3.803227780864961,3.8935256821793662,4.337848855682529,4.210222167993029,4.25484426945909,4.0705917697797345,4.209418167664463,4.33899272305265,4.005063804523831,4.119027532590622,4.304601525768209,4.0533770824700905,4.1658486658178635,3.8647566487879925,3.9107220877505107,4.246195607688919,3.9153130906482345,4.254065640462459,3.8760185621229697,3.9641652767843185,4.411151064009716,4.343175712308356,3.0290034167744317,4.106456391762063,4.228978020022624,4.181236966934284,4.101878560762917,4.164644923654129,4.134969964083931,4.228896448397765,4.24639741710811,4.335668936292749,4.301542360006997,4.100426296844329,4.237633860382554,4.165016005359673
11,4.552844850990582,5.0,4.780546557678633,4.969367900413942,4.349986286588314,5.0,4.441572688940739,4.940138536873433,4.968341309724099,4.83771739242364,4.592352921350787,4.325654712993352,4.59162834134268,4.84272211194538,4.3849868111062795,4.765891788877873,4.79795742998667,4.8111529423559665,4.939535494248333,4.431540016775429,5.0,4.3702468089698,4.910350846215494,4.315674855016948,5.0,4.947167105423256,4.641102881808263,4.837081198500745,4.892700672006468,5.0,5.0,4.987143580077546,4.358031633303603,4.199215911106206,4.75507229596932,4.370576955961144,4.789540585236097,4.921948557695503,4.434802922106816,4.256905828582184,4.7186227820181355,4.884119720268575,4.524691105871231,4.958629775605649,4.826570198796411,4.810993220137492,4.7664007828631885,4.372900943838577,4.658950491829647,4.882640868618807,4.826953907048288,4.7807605928903865,4.725470898972123,4.975841087527552,4.90065223536855,4.576927292433832,4.9107291605766035,4.903064170503539,4.715103932913011,4.880482706833292,4.656390576492288,4.543701921923555,5.0,4.743085234409731,4.956514141819395,4.451727865287209,4.6845322865481265,5.0,5.0,3.5278430644851317,4.581615984301601,4.854770840393864,4.8473573704621,4.693656757556261,4.771627101813182,4.600566568184321,4.7686957444553295,4.91593088204056,4.966446584619355,5.0,4.765326468847242,4.885217602339426,4.8294125928761975
12,4.274487486781954,4.886483623975789,4.756050370706896,4.548115131686541,4.416704010903108,4.8932074853399525,4.445590822118221,4.820545901384811,4.8087260651398,4.936505226157519,4.630728488426979,4.298692477712353,4.522541395514826,4.934041954142502,4.506324857008111,4.704947701848204,4.749591279360684,4.617824188668181,4.838138568891525,4.37413453630632,4.907983437367784,4.238495691962024,4.764608929763808,4.228616766335378,4.883174428590694,4.959437222757977,4.724842208572744,4.75436536859379,4.902051640825781,4.670445491878118,4.879651622879839,4.880991603508541,4.349922283691848,4.259763017764829,4.75840829744942,4.414327956548689,4.680921589380974,4.929517800847,4.502295686634301,4.326323669278075,4.561320238556377,4.834801892212318,4.35249189637965,4.88195577153367,4.905270962474135,4.946708427132693,4.743974472356944,4.259345307240531,4.625496940579474,4.902859851865093,4.886209522829556,4.819540990542063,4.606910893999441,4.765702187519701,4.971487945527048,4.489890316085918,4.854459959797723,4.923663941032185,4.5088644029247735,4.640398609958717,4.52818244480006,4.59484632566941,4.978357214927455,4.567055642995396,4.844703255368111,4.34960637615893,4.707935083663355,5.0,4.839998939756883,3.6687383048119937,4.6963166730478605,4.796518666116199,4.784788354132037,4.827095549398288,4.638084798040436,4.701351039261867,4.608639721897294,4.894018029899871,4.960130933032127,4.992711779071785,4.462611590143384,4.75001992097141,4.721558427289102
13,4.031583727736414,4.369674008792213,4.101135815827805,4.0513019203181,4.027661710698074,4.304588947031433,3.9057797102681735,4.328895408713095,4.420737160155609,4.376606567083246,4.026476443579616,4.0274811685410175,3.8863366221756133,4.45827775725646,3.9088028201472196,4.130077937530694,4.147197156704414,4.2854348315699795,4.4097284857585555,3.885533543669908,4.505458688312867,3.710458651405376,4.406786635698363,4.1118662155962244,4.506856230908065,4.539126040352012,4.080201905106732,4.277257326511378,4.411172358764238,4.442947701670759,4.369202606370062,4.528747203322508,3.753975365093376,3.640822535983756,4.291286111023948,3.8491595863736885,4.4363878436154405,4.650922653909793,3.861838444925996,3.7960322329372693,4.223985633799032,4.382467390997419,4.212736338233174,4.5265201733407645,4.512224746464758,4.438852593064941,4.097961357013399,3.9081117069860825,4.255780706743758,4.5297124803130675,4.454005370015136,4.546777163063214,4.087683873950149,4.451383117499053,4.465637730155347,4.054040041362831,4.301641281363092,4.434320167616691,4.236867476015953,4.23705143204114,4.116034056250822,4.223969833701323,4.306443518462599,3.9470847302371173,4.564582148483045,3.864701942639481,4.0237531907699955,4.591031785375577,4.205431892013696,3.2515621027386787,4.143931849816652,4.217869082690362,4.215890734253095,4.307717476780679,4.250060946590485,4.124116952532362,4.223306703332864,4.261201011031701,4.517907993619488,4.492702207358257,3.9369729176782884,4.177199443364282,4.241602046666002
14,4.425249625367037,4.347331007937979,4.351375031706132,4.440673548097025,4.2129730324363805,4.511750748953666,4.35094019144522,4.699370397834144,4.407400569405123,4.66530930118692,4.3583302115837155,4.057838752778077,4.231191930141958,4.489010515384248,4.094765082775578,4.269401115706404,4.4010333237072015,4.5467485070817535,4.632849963575738,4.0394566811189785,4.719261631465943,4.1532734294378955,4.599678808111821,4.167640676008907,4.407065430828947,4.740930455111352,4.537105495410056,4.3615527218054,4.4658003857359825,4.600700408883218,4.461231334005937,4.90685447519225,4.008894124104294,3.8252419614307187,4.408931836749786,4.256818336085453,4.5529648947067365,4.71745945429477,4.072420445905421,4.3009645813988895,4.355404037282419,4.715540787779112,4.0590846210991804,4.579910773940144,4.598083768797614,4.616967486326258,4.12636453406011,4.059254975098639,4.457188387503551,4.701307009453646,4.5480678545524365,4.705923398116181,4.372775300183537,4.705094516850637,4.522410730979506,4.043253498979874,4.526442611794034,4.767065899151114,4.508042923844854,4.39828805918597,4.2151741354459284,4.180552739536786,4.401805921217486,4.082664859522766,4.580085948985653,4.331422777193091,4.306571480436754,4.674076878346815,4.546688177325932,3.6121276671120612,4.446408696385658,4.93473966510473,4.499192753238078,4.424861804042632,4.347098807321649,4.451784034687863,4.4983368640492145,4.4584364179516704,4.693079143665226,4.773558371373507,4.446785799577036,4.68294355154472,4.689292488633836
15,3.3506337596270717,3.447372785587914,3.4268048114538594,3.505374761248126,3.1853690031812425,3.8640496951092014,3.0816743381475353,3.6629057855117315,3.732973321492918,3.7589857168544785,3.446693026970057,2.135962039853844,3.237483555483668,3.522734074769327,3.04895612101017,3.281837044723148,3.491999916007857,3.536177154532907,3.5718728007702563,3.037788031316634,3.6675514965824005,3.0446576983223888,3.4101764121524774,2.85055317612486,3.5475228462142585,3.8624428555761257,3.617044185477806,3.622590681768656,3.6166891719798313,3.6192365522398293,3.83983935931786,3.918788044269647,3.0210846693649804,3.0281183105914087,3.473934907470142,3.152263618784664,3.500896666222853,3.817636287489782,3.1257649346207548,3.2570728499058723,3.4365902582668673,3.743296742383478,3.1312484463297228,3.791397849464448,3.718945090991075,3.7579136378988363,3.2432006720848388,3.071950723471314,3.730608211018509,3.744974112873832,3.7165083966141106,3.8737889974629405,3.5423991018565535,3.642813453700321,3.6298681758096576,3.310149763360488,3.5903428111806277,3.7677986526048173,3.5894778228524964,3.550799483468459,3.133557275172657,3.049571308350995,3.673604789292931,3.0515211881531945,3.883941798719949,3.114606185508763,3.3189976879197567,3.939669446073398,3.700983047616411,2.306550452909659,3.230221034380711,3.5165843059019135,3.044972302301678,3.6488572727133075,3.4934823636616104,3.328463986111783,3.584653847804608,3.776753450848783,4.068381480309746,4.009874835086458,3.2473045271163388,3.6117678562174493,3.679128065994409
16,4.11619745137371,4.425599714998459,4.004493524159721,4.006779825148932,3.828216931745987,4.290733571720501,3.9487145959493257,4.212846283204044,4.253262960595314,4.243561285156102,3.880178295764476,3.7620623382615834,3.7664163145595904,4.344125066252766,3.7504274405792297,4.024089897410946,4.076912565504816,4.091092198399737,4.196780202352182,3.734685068410749,4.24204912103267,3.7279406012299487,4.232162471355849,3.7883189578037193,4.28156849460593,4.215912935666822,4.093703541517227,4.196521287650078,4.1451001041986935,4.308200471619889,4.274467621234976,4.4220387605192935,3.7314638156369577,3.3122202801051404,4.066071713880136,3.915274326793842,4.212791664340803,4.253398299991838,3.893820800499568,3.59660246810116,4.0633092252894,4.334620723764884,3.8574494519218487,4.247557423490846,4.281307659934174,4.2141823153212785,4.105947422022201,3.90685314336909,3.9913741742275075,4.276074869357012,4.243292106938157,4.306954603076075,4.063175688666553,4.262106641472782,4.145103234138333,3.915711218433043,4.182683769542218,4.460174806712024,4.104970830699886,4.170057545394071,3.851626277237897,3.9541612119204697,4.17702774978325,3.8751123470698374,4.318539031696827,3.737816335522248,3.9297408868755284,4.464760157045115,4.302846098631368,3.0988897904157957,4.104381124320722,4.1424930806922795,4.071513073166896,4.0191032538539115,4.148544641032424,4.142481821930721,4.062157131624342,4.197372013703942,4.460821821203832,4.434842901248683,4.133303585065969,4.09960039865696,4.090057651631595
17,4.298282043309458,4.6961010280617845,4.473325489000492,4.4744167507873565,4.200548028675863,4.8487839870051195,4.173609217601967,4.616629850863697,4.733605010694112,4.669024672242551,4.3601862436655425,3.824630160215984,4.192554458136131,4.612764943473229,4.082487885006922,4.37471448126432,4.396320898788895,4.4348393657844785,4.604948321077947,4.096585488519939,4.749463662008295,3.967856070630665,4.573606494309363,4.031696969041343,4.63811288522513,4.648720567717594,4.53618549709743,4.49508633622035,4.569196935465053,4.58782200569189,4.708959990967105,4.755613261497406,4.090338644227665,3.822342707599266,4.428554111229505,4.240300435713444,4.40082939275513,4.70903500452093,4.238344481402785,4.030908109304946,4.452305976311412,4.591250953504458,4.127187475372635,4.644333017684198,4.539054013146947,4.691943575872647,4.463653738470635,4.144111030697317,4.382909354702439,4.580973547154896,4.683846409047079,4.591779617213961,4.502063020721749,4.620687283606599,4.597561568909884,4.267463144180187,4.697303150773326,4.808617293041209,4.491019428110381,4.461327298048756,4.219710011026848,4.276794458330655,4.840881254080704,4.3002040808203175,4.764536312824513,4.046200640529585,4.457251815853555,4.816408006723273,4.695164268879062,3.306148605545247,4.343431868517706,4.501130159760484,4.410821553286009,4.531329715950491,4.403050027924833,4.396097900939833,4.486713233154421,4.6541832971901655,4.802767802804398,4.901333857883722,4.3004388610066,4.481167498401849,4.549123860967239
18,4.253180263615315,4.737502707296194,4.4503326136175625,4.347119842378647,4.143384168452662,4.649455236927315,4.238016216990897,4.500216399688639,4.414413139498722,4.5091947360815,4.25700266826924,3.8697714716160485,4.062311665564663,4.898951800264825,3.8904062890206004,4.3146338824269375,4.182377150083076,4.489318083823451,4.374784275765575,4.008614666688453,4.53422789935284,4.2613012518439,4.141861723377792,4.015641993740539,4.4889523956167725,4.584240279439689,4.360997717639782,4.394401085434924,4.448235332276584,4.635206635352423,4.519650687353128,4.509964531499109,3.8214871200103016,3.7115036930377,4.4110271146564894,4.238095287975778,4.3285760757862475,4.52407460575287,4.047547351441782,3.635534643718002,4.325710265054671,4.618972440538447,3.938525688142238,4.489675510668495,4.5178016306887185,4.5277400652992235,4.381633172582114,4.360298472249123,4.344286667631604,4.568691140875249,4.620630630647112,4.5568236297291955,4.405756142850952,4.627288712177738,4.428943723610851,4.097527978463916,4.614294586410848,4.763632611459785,4.394287043392182,4.375420259438023,4.277987428512828,4.270610097050982,4.647307560739823,4.225039853536617,4.605089010935905,3.9914123657643246,4.206027727654219,4.554118912118043,4.79992802717978,3.6810310076175323,4.229973277540287,4.4883408805144125,4.263187330629306,4.3828763113438365,4.328603885556828,4.697204669297705,4.346396885764658,4.524454963132147,4.651456970568075,4.5940684522279165,4.069580266295347,4.632678874613026,4.400654642712941
19,4.170598822998466,4.126610886589551,3.9208592480711766,3.786565760977572,3.756037453975998,4.258571849757228,3.5878037682903905,4.208434321839177,4.156937552246503,4.182412768243202,3.7410308090566518,3.582682327190657,3.7196329932302943,4.103211314018681,3.118181006744121,3.926968628518265,4.028575490882282,4.127923615484615,4.272226838958392,3.7193218530120253,4.231180554054323,3.757347864263618,4.053381114428507,3.5701910489340025,4.044487413622298,4.2828639218287625,4.074790698929828,3.8825964763887666,3.8844823734064837,4.128985125400996,4.179448170995617,4.22414083480727,3.678082375948921,3.492929205852772,3.727826149709835,3.6913785606693934,4.00344343037357,4.181884050637722,3.863821876922322,3.7624689435976295,3.9645829736060474,4.0868318355734115,3.6576289333975347,4.090277339749067,4.26987741975208,4.183742309531037,3.9607840045933203,3.898026314718233,3.8315624414238734,4.296123049059308,4.15311691151078,4.148067553920384,3.9257170360425864,4.373629460984098,4.137447604731328,3.755687890281379,3.8938237235145725,4.36643334823786,4.131696772910535,4.191610450162686,3.8029544371156883,3.7634750474086287,4.078330186523098,3.7181625079654466,4.163092066439982,3.579427533867094,3.8804032955642542,4.289518945509393,4.024538447873541,3.2035971374409673,3.939772935272727,4.083056331116646,4.075515859470356,4.159804842514182,3.9522431698872866,4.000316825396458,4.106513648944955,4.202178607487551,4.237454404577108,4.308072592032354,4.0433202907279,4.275630079680795,4.34054820455158
20,4.329637743533876,4.038457634627591,4.0353098380657375,4.221745017297982,3.736151964818472,4.377808698760474,4.01222275333227,4.245441162231737,4.150279484209581,4.289102961322506,4.196005357329122,3.7925621778465213,3.7854123630816723,4.290491978606877,3.9182572474687025,4.03544488364361,4.152297914410485,4.421337741006299,4.141927839843228,3.8240416602575884,4.341216235435053,3.812906267700148,4.300422325528464,4.105682339192889,4.2952501265873515,4.6082043128793915,4.245528021144068,4.25537325910589,4.1744485223488255,4.404562201829071,4.479402205837419,4.451515992253278,3.8788793500598358,3.7667617415386356,4.3345692526088015,3.8939339181069816,4.325311684867902,4.263571898587625,3.9567030912284675,3.973333634174794,4.1629731852386165,4.492463497212362,3.975308563024423,4.423005235302549,4.432426737655257,4.11050414502849,3.9718859240579034,4.162824068487218,4.046143297637043,4.236436259411926,4.519458435936606,4.5408645135254915,4.174426469394446,4.504533260337212,4.276563526524327,3.911976769445416,4.203014568386612,4.346657829198108,4.212616345590697,4.221690298429371,4.147082941961654,4.068212791549007,4.145883269241662,3.902170575491806,4.316086131760037,4.155642240178084,4.0819728715644175,4.266012082663058,4.293607109844457,3.366914314326208,4.091666203316018,4.487806195877608,3.981025615352446,4.1550050021426905,4.270663468788176,4.300459224733039,4.308012321683996,4.305652321785043,4.342077817157807,4.405662603138603,3.9389374119607097,4.497917960719913,4.2700866440817995
21,4.041520035901502,3.9495021459082547,3.7535999920076235,3.6960529938319913,3.6819217477084254,4.257169321697166,3.8093315596686996,4.026996303309173,3.9534448747039046,4.2007274284936935,3.8596425494435507,3.4088968599668323,3.213230748620349,4.023990643903554,3.735754934109779,3.7320896241742303,3.955104170286989,4.012679564569994,3.906489480716087,3.6950269336389474,4.218579349416876,3.445413746556307,4.165954668674164,3.8624604896491266,4.126921117915278,4.209883139353141,4.13039550074297,3.845160276431876,3.9405041900760285,4.122060299103166,4.179723058206884,4.4805318002576335,3.4877080168285803,3.1049121338179195,4.050125990397986,3.7990437508082815,4.091010226257678,4.138586535357406,3.631754758622128,3.7729237973836107,3.875525694625064,4.2371879473012655,3.855296567389372,4.143734563212646,4.081624721293665,4.019766534077943,3.5239956464941917,3.8013549811931386,3.8170893464598445,4.2574670607517575,4.169215020260359,4.3098293033743085,3.9305471017834814,4.195039400959565,4.152531077616151,3.707937542211736,4.1531419343355545,4.237044769210388,3.9647832851780827,3.9077845158174793,3.7488581698703984,3.86013460729391,4.018984267844296,3.6337344766470383,4.212560737900851,4.037713700538486,3.8608089422384,4.228573720468139,4.087744344311953,2.793912076470618,3.953970521459315,4.251607566419642,3.929002762038839,3.9635425449433868,4.093239614368189,4.002082486622847,3.925676052833489,4.040693886546819,4.444751327828188,4.320569747140814,3.89883703512228,4.0477633766762295,4.038901702337664
22,4.478526526583422,4.923725682290009,4.852307144870007,4.626488569156563,4.431751505229939,4.979282025564661,4.4912814055367205,4.880548461659138,4.684733468403971,4.968290102017135,4.702926406429272,4.243524544529502,4.8494249423616465,4.924188949889714,4.471749686825055,4.536993373491119,4.694332882732622,4.987162176109131,4.980750338442997,4.3783902417401235,5.0,4.405251699513014,4.866935743032209,4.631135144140557,4.815375397574291,5.0,4.639224383978234,4.866072084393551,4.92215371981534,4.743106616755714,4.902946139558643,4.831930177241117,4.428707244473089,4.278798024739235,4.934053628299491,4.487117828916012,4.952041049413728,5.0,4.357597219641217,4.338538297458421,4.665222816070806,4.952139142410562,4.3837837228513665,4.90065029059018,4.971246027798646,4.846511483839436,4.639180380939791,4.261667854833372,4.696816003717409,4.894956940509002,4.928767991814758,4.934908923320618,4.848155874679838,4.86319584088223,4.856546240236267,4.724116840055123,5.0,5.0,4.6306476587492265,4.720225652648271,4.580189671594812,4.615763849750466,4.817723762572187,4.696181137013873,4.869751501964626,4.469500724855401,4.7981493608859065,4.9459811875895845,4.90238878484147,3.96550469907361,4.768178243886169,4.794032823911844,4.878772535399331,4.946397426446697,4.402211588809567,5.0,4.636455797981564,4.890792983467396,4.9297836797599155,5.0,4.675330916560975,4.886811627936153,5.0
23,4.638267936787602,4.538960280653028,4.413905947525766,4.427407222677912,4.117161669082775,4.663839458882254,4.299555869744766,4.494242670992174,4.72826205063909,4.597734169998984,4.393024463769463,4.198641587758477,4.189183558500329,4.67518868757094,4.191963009619308,4.347190169188929,4.44453142876268,4.702706208466262,4.533214365595061,4.123923165165665,4.748289108202436,4.1793868910161125,4.599373595778915,4.226507541934299,4.677129965879274,4.765909386323057,4.308809410811216,4.410557442287709,4.4824742863210165,4.592652912035545,4.655467599308899,4.7424702935631196,4.109688416618984,3.9780906380014174,4.583491257201513,4.245932169609293,4.480814670007914,4.801693257905229,4.043553538573246,4.206944260110661,4.506769479428792,4.609732222793041,4.424574514134172,4.688452828324405,4.580992444869733,4.591824672562444,4.263473451563914,4.195183781435389,4.397926002025906,4.839661675830928,4.742425652354494,4.649325777234911,4.286257867449181,4.91728031760089,4.671939041029596,4.212767415245639,4.390088658423141,4.776511588532442,4.528745357012227,4.3912799340250235,4.374743694184818,4.3785759825327135,4.618667691592685,4.252900334245161,4.679534355185089,4.204260531050885,4.422687323776761,4.73542130558162,4.719234159362563,3.459585370130402,4.402827624220949,4.513386836020386,4.418704055817226,4.492989363387534,4.558056876640581,4.520764562999019,4.501220369441573,4.6391566278810545,4.795635859453586,4.599078403039371,4.342829897566908,4.639511873988294,4.73812520243585
24,4.603384910238884,4.857151368854476,4.509163228676752,4.798773806437098,4.155795264806989,4.682455043007816,4.351595132475932,4.602701006177633,4.5495530282552155,4.612187569569636,4.507685222616615,4.075225242907255,4.389994986976562,4.694732262677411,4.199599910578804,4.5078819473354255,4.4915172666886125,4.552933807096911,4.757631402302881,4.145094108449131,4.915446606352663,4.299307776191444,4.6195649760151625,4.193568156349908,4.719955673368545,4.826162176292228,4.440511774379526,4.712179235092263,4.655992347383414,4.599825440783975,4.722629138587854,4.74414842202967,4.187078919611136,4.032222352544026,4.56669793302929,4.181696273859053,4.585677252496821,4.888618010784567,4.085298528882649,4.190182796666954,4.65042793488585,4.793799238147992,4.239722596931818,4.694995436850221,4.597226633209581,4.632506297069382,4.465952939381783,4.174702877215005,4.298896426127398,4.659676878018922,4.762824098330016,4.758297098324568,4.555575067655256,4.8026499910878595,4.684004535022132,4.4660213077957405,4.316906560771061,4.893863597517928,4.414593056725192,4.591449275693858,4.347580681106643,4.326303987030896,4.687452034409444,4.245721228728172,4.659521470980048,4.294594613302129,4.431149374422783,4.9177185558211205,4.884823968237956,3.6478464217354327,4.536771733744702,4.646400081877389,4.595607155609061,4.365930917729573,4.433657573230065,4.649460114310281,4.609220783293239,4.734739391335523,4.784648945587352,4.9833650635922435,4.595817457687526,4.66715234104996,4.816177418734694
25,4.456261740495108,4.610248613140109,4.352785659380547,4.369049030872833,4.321344806651814,4.794002391572473,4.231104492992026,4.522730633564591,4.467838357339195,4.532102643639266,4.209341619358614,4.009646144603553,4.117838881100274,4.7143101375144205,4.025086837630888,4.296986692551274,4.446269080435936,4.520011824243718,4.546552425822425,4.113246455799274,4.676811286654355,3.9684719891816136,4.52852110167905,4.185929092150314,4.5472231981367255,4.82864586705014,4.451958465383339,4.404730856196108,4.3503097483333875,4.628919419320282,4.543739504480612,4.638082135693491,4.187426157383924,3.8806182221308894,4.386954455165192,4.317702938690358,4.619371505137338,4.775142493729197,4.0657946347837255,4.073741918395451,4.598896244619173,4.673139490111089,4.127995095359388,4.745483626587305,4.628643840884408,4.542077453189402,4.218528469517077,4.2854669132486425,4.484891334335045,4.905567259653429,4.47844125584364,4.771672832859602,4.4514447926239145,4.628706827292724,4.543500802055507,4.303371230831689,4.57304409783012,4.826284099875084,4.4290552583209,4.374470383869453,4.216154139922064,4.190696096141007,4.5586501049769685,4.1068442894471175,4.544169581570697,4.131125806575217,4.278286979418279,4.74591034724467,4.685352246578365,3.5532934533199017,4.408466717376378,4.407460794814288,4.3801741088969,4.420022180839114,4.468080501646384,4.513991559647754,4.460790290287189,4.584316375591838,4.936459483550353,4.647598910534544,4.413794363096671,4.319811507842099,4.62986084373931
26,4.370144876778149,4.632367720142965,4.385931207037415,4.5023194365853,4.18206969860204,4.722839614153924,4.331522454029108,4.618938998744791,4.546628563134806,4.653335095391756,4.317953218841363,4.088819011095171,4.348093309113894,4.571914199564025,4.116546793579412,4.429707274467054,4.59053751537706,4.518204624115066,4.666699964484717,4.17981250082831,4.754838650604608,4.0671262133624815,4.559313716892747,4.185244421312082,4.502578522686149,4.601635346263537,4.530136302053811,4.447022631479591,4.563879127803235,4.651214412409729,4.731519086173123,4.7014410191294385,4.148276244189818,4.104488977250563,4.586573489851095,4.28814985555563,4.584554050004822,4.7909019964555695,4.245434631190947,3.928854924630891,4.534922114355182,4.632123547862802,4.294305056413457,4.569379192724194,4.921362183616109,4.6554487301407965,4.499797712738493,4.2002490458752515,4.4887180012011365,4.59154238695556,4.739920578184333,4.541766391155092,4.43933741549113,4.641739418692895,4.623227203647129,4.34513344991271,4.873262185740336,4.661114228436498,4.634168596085999,4.509924240894079,4.45479302809495,4.349866568693319,4.6838321567240175,4.299428280467013,4.666124272093129,4.203619135218371,4.448658170730832,4.5417311885836105,4.734279353491922,3.746783161378854,4.456438997768785,4.600989114986608,4.541161256290091,4.53357723155692,4.591712310874668,4.391449432197858,4.640041573808466,4.670223228841839,4.782232719631551,4.5658789497331265,4.543401198894149,4.647665469499843,4.678673489803514
27,4.175543922555463,4.371313435009358,4.218655334667765,4.251097943106029,3.834078056638433,4.369842745799843,3.8719332141427083,4.407018453449943,4.202121398632246,4.252779668510965,3.906865610808921,3.6923062709341465,3.863970720703873,4.3535084927566166,3.957004838924062,3.9424818512428166,3.922568467167628,4.2623132661100165,4.300243950152247,3.186891577553694,4.238856192993117,3.6804135510049045,4.296823385075512,3.9223356335909427,4.378518173587252,4.545751369662232,4.113345723603502,4.243088224181038,4.2753167396897025,4.420588876612949,4.315494406739264,4.516122408922854,3.6143092622695896,3.406190843169673,4.07063998119877,3.865558823803467,4.204288904862719,4.312245427480681,3.904317291138863,3.797950761834284,4.172768873434431,4.426868955291594,3.712756640702108,4.257604054885622,4.215836333352177,4.322290481141324,4.015148529613314,3.894483002437086,4.127048344460838,4.277569974008758,4.17594011317011,4.310949793687066,4.218453347000603,4.115698039986431,3.959613950045255,3.7719136535813225,4.264574288873851,4.454001275726792,4.011538925157306,4.192795369972246,3.899390898804476,3.8406109149100542,4.190792127785519,3.872124415995688,4.323086966687476,3.712046382220618,4.082351468114873,4.422573636135668,4.250034227399393,3.0604726338887502,4.0618727694772705,4.303491693420824,3.9698177612541126,4.109835486076242,4.063288505227575,4.150536479308711,3.994287254616584,4.284206085500893,4.370339778879938,4.871831796544498,3.944986993530428,4.1489787402071245,4.01646721567907
28,4.129268555324284,4.421057544881158,4.235441391131495,4.099430497017715,4.087929833692357,4.5091386744811865,3.965166197449596,4.34004694554777,4.453499035930699,4.522798232960839,4.097297068809789,3.703567023935934,3.9925438942076856,4.364413855718278,3.953300753806356,4.219892381870476,4.238715821624605,4.349753776980201,4.489900590617282,4.014281272033972,4.815966080949393,3.981345441397115,4.364082835280689,3.840335607350103,4.375869013312072,4.651717169398036,4.462956028130084,4.329330670057371,4.440847596944091,4.537138731516785,4.524271772885918,4.844072479976857,3.989848513632577,3.6827398614453335,4.466443623582646,3.9202321455376223,4.544341569450057,4.72729076641581,3.9820867025225075,4.1327277006670595,4.289011059677477,4.552168186605399,4.194984827961277,4.632872008455342,4.547684792610831,4.445080694289942,4.1271540366002855,3.8886032838710256,4.392375989332213,4.5498049032093855,4.535308534021448,4.593155128283674,4.341187624796856,4.515610125148986,4.463258582372884,4.242297090568284,4.41969446685659,4.713169718078347,4.323754159487219,4.31360544309339,4.140543038482002,4.194235574589746,4.421387094569682,4.085137499574988,4.563125250839628,4.14085974505692,4.166313717999886,4.725877859525498,4.626047731600369,3.3936145217968314,4.241873195682484,4.4013012963202565,4.110793500863514,4.41166464285539,4.360073561535435,4.266340008721975,4.342920144379069,4.515847865949071,4.770971974877395,4.555397402415558,4.190389929010874,4.331717049551239,4.515047334551614
29,4.263776473882951,4.545405375280806,4.406096621368349,4.442576303547677,4.1105142471384015,4.695779190269499,4.222379977303015,4.654160562335437,4.589770341619698,4.653490331174651,4.450238446850256,4.209245600651169,4.324809534489785,4.6529602942504775,4.235715801068289,4.4772913604057365,4.5294871445839515,4.394038465545037,4.617445233202359,4.139679606987938,4.709101493446068,4.125167538405513,4.735659406577648,4.120121666714367,4.787265722312775,4.592851264320558,4.502331391332174,4.5969278785485255,4.816866749401034,4.696857182281739,4.660549904707667,4.791584532449268,4.088101332419248,3.8918482937705767,4.448702268112662,4.099013580747738,4.436345807376033,4.58585722557185,4.316822663869145,4.050853056920685,4.414321067046176,4.63298513812327,4.3242943800086815,4.625478876217965,4.728007545849048,4.769268961586263,4.5312484186961814,4.110228867314718,4.384385504400776,4.47215672080655,4.4792007966999225,4.606370779184562,4.3835269063367255,4.557794262490578,4.631121589634415,4.230833335456586,4.80961454488164,4.636483214082178,4.414839625352392,4.6165250165705,4.244750718057283,4.399043138603583,4.735345275800803,4.290185750369476,4.7461079839357065,4.159490671650747,4.513992193075297,4.763239291620299,4.492222486581544,3.3633740941529924,4.505752946657803,4.726069348495178,4.537790949479188,4.51238050221912,4.514790102461745,4.438266384912746,4.509538272721507,4.594570425004143,4.678503704244616,4.852559850355708,4.475160914196119,4.643808822706393,4.520289072152713
30,4.442979315924136,4.572281780864883,4.392233014840253,4.538267925227562,4.493869136800922,4.762496223648138,4.168690956045522,4.769195790789413,4.607843845746477,4.747510301528571,4.470853663010421,3.989128305214936,4.24674833126745,4.485665998381004,4.4378459891634705,4.243576628190473,4.474428873550212,4.544846474576102,4.666971097582425,3.841883568156815,4.702469198206772,3.2339947232131467,4.952943932571616,4.304153683170696,4.7312737803959894,4.762333682747519,4.413491143685801,4.52777567489618,4.669293309612155,4.643897214166513,4.684607616517112,4.7867947892065486,4.120754500730489,4.113448786095173,4.520599954024186,4.194110014029057,4.42466397603944,4.820073196463679,4.292480612398975,4.0944338429030696,4.272879689695607,4.599777853879379,4.23783867383138,4.772571674493212,4.677064216681211,4.691488584081598,4.470074285925527,4.039081957828886,4.786630434289411,4.74340919466573,4.653173656239495,4.516019669018615,4.440281549225247,4.423146299319632,4.621197699198975,4.434057546818092,4.967796785221925,4.644462941309907,4.525312557643999,4.579086447650375,4.405024202723031,4.2121687310298555,4.796126451068169,4.230672557453058,4.927141518186481,4.014889112987362,4.32493263020314,4.818870106622364,4.519515110273678,3.223638595099212,4.396549977834252,4.536762050766631,4.381014253461787,4.45897608314798,4.643699947846688,4.316259958787931,4.368929359170493,4.630939835576959,4.961202764486348,4.769429303579012,4.093312109178504,4.159108980937269,4.6037657825980425
31,4.329809063175501,4.307590605037418,4.255424961664873,4.5025671746839215,4.125278295256576,4.4585935050528525,3.9608972820276067,4.5470600510099315,4.491336950331695,4.406298887891756,4.1443894335348945,3.8045525546518686,4.194467044027092,4.456348527843824,3.8744088030124586,3.972674514004009,4.294668550179123,4.198411959246141,4.588343856210243,3.7934832339973616,4.45665538580701,3.6238153745240185,4.3811889198696825,3.9331218159468673,4.362564500116299,4.382550886180125,4.147327532500564,4.210506208425941,4.289972438042444,4.175592614127342,4.555341243972628,4.318089273489274,3.8885251789169457,3.8167459291646493,4.211931527067367,4.108698655675373,4.224468191936473,4.4916470902385095,4.082511216801161,4.021612452401849,4.356920033794743,4.291857446694055,3.789799986893034,4.339336814917449,4.269605341528982,4.375159300665599,4.166216806113961,4.007598614373717,4.083953293225916,4.71495751314997,4.356530993692549,4.385431643716106,4.247463140676215,4.355872079738847,4.413396506594146,4.096011255860398,4.104380918889879,4.433597703644434,4.185073641944382,4.433180992936963,4.045062399817971,3.9456859854473216,4.581478513678342,4.034779488889757,4.463165507102045,3.763194280557359,4.0272985037725695,4.587358616184055,4.422349864554243,2.951257956610739,4.256787063619519,4.21068590366584,4.326856220785721,4.309335974521094,4.084325597912618,4.1712837815491,4.245981170841233,4.329246618343452,4.37491727897926,4.652596508202315,4.120021410252171,4.354383347435955,4.321754503806836
32,4.551109860046293,4.584345851259148,4.539020117237781,4.878010862545196,4.1329913703050565,4.819439179319173,4.149617539422042,4.6649813027434845,4.8151116308616855,4.6555492859081316,4.467444403598164,4.051898645817517,4.4153221942009715,4.53693647269047,4.250272162558945,4.447589627396182,4.6167007832115114,4.583911331090872,4.812487645670731,4.197567485336046,4.8648945009179,4.14927752051048,4.683051514136325,4.017282571172466,4.770076364023322,4.74563156164515,4.583653340292951,4.577124273836813,4.678848964542736,4.705854874131288,4.8570058568565235,4.998029443193499,4.243371043124856,4.083850292886067,4.58870931078677,4.185994838460158,4.507248860481557,5.0,4.2967153758576595,4.148305278171624,4.668375824904142,4.675804689010153,4.332493911590732,4.817784392721198,4.571025638586752,4.814966528829146,4.5315640350860695,4.172109407339452,4.519997906046166,4.74031198349436,4.769713444685498,4.761683953468532,4.401078650886071,4.7174148515765095,4.712818761574231,4.4909350885028285,4.28579849095485,4.901196097414694,4.512156965642848,4.69627534051622,4.352434912185709,4.284354055552232,4.904896005412279,4.249297188098452,4.893109941526519,4.287914790794698,4.36758373074799,5.0,4.8686206271112225,3.41240207673239,4.579529806614351,4.7734855333054895,4.493693366008668,4.603420207807408,4.4117656025979075,4.339167926871158,4.6710160245745955,4.91243056846614,4.786013998351472,5.0,4.343238862850089,4.666870345553201,4.8611794565499284
33,3.8873956553619458,4.18404571310259,4.062737883236917,4.014166028744104,3.9335555032429173,4.2412591622270845,3.67175262673863,4.15348344448601,4.255042683542745,4.17421270187517,3.879639377160845,3.4278278823652424,3.925880663345629,4.09157180721406,3.531392459432186,4.017358213771962,4.136815791245152,4.019674001980387,4.273444893797764,3.6693053184756357,4.370606184980675,3.636798221423493,4.100539423077112,3.159915575330552,4.120071146644085,4.359120645554776,4.079331460179261,3.9730776989444645,4.168821753325955,4.103409358385691,4.299642481974196,4.393883211118471,3.660298954029349,3.6004730838403334,3.9883350039796,3.632066923927897,4.004496827293793,4.387901258825082,3.792976538885512,3.7437421586401545,3.974421105682308,4.225894785056314,3.605444960296946,4.33555898424907,4.070432033248713,4.419631439473511,4.0005116740527065,3.6167824371122084,4.004296577312696,4.355122706691123,4.044531579658889,4.160741308278152,3.907932770956001,4.232316761822583,4.280868114337056,3.851757184500602,3.9181513091874076,4.371977227011327,4.001119220153195,4.134851016760565,3.6983343568849163,3.645671221649929,4.355777460521195,3.8488187017702726,4.173643751107565,3.530809393596173,3.874034110897863,4.79267591147245,4.240653204663642,3.048858640484538,4.030610753464031,4.105872412433804,4.040891899354061,4.120633102491018,4.0627063417928975,3.8808842632142064,4.074426998415875,4.235109588541374,4.340091174979179,4.396048445644787,3.88541618358606,4.122531292528243,4.267548296100448
34,4.9502303403348815,4.859711408153909,4.617100894247573,4.85914179594666,4.398929133603901,4.915360025735561,4.422353073912858,4.774063540267536,4.858908958211303,4.778402850043106,4.468948993317441,4.470703405376968,4.44084157795635,4.679220761817064,4.286368401394378,4.639663853905059,4.7064914489993654,4.763053573426205,4.907584332437866,4.166519244688339,4.897906414037583,4.282796064405569,4.898705115804783,4.335154724234457,4.92326749677188,4.830127177160139,4.58593488558485,4.65490236787637,4.67143839650125,4.926465458155544,4.917556143250678,4.981796785048486,4.276566689628536,3.9049543383645338,4.585255173465006,4.397999573069993,4.716818942698439,4.86867071406005,4.550667700486292,4.343961305435794,4.728115744221917,4.735744366071955,4.49813913769606,4.751800069217715,4.755597022754062,4.7359849787326285,4.641781036540532,4.52290453934443,4.44693817301505,4.815308382431875,4.823599028216214,4.847019993087479,4.477077058997981,5.0,4.745259626675372,4.437930483905037,4.295508065578237,4.975462174095802,4.755121900952064,4.866518689293332,4.4431730846696444,4.448757037645386,4.815235781065173,4.39823957091635,4.8633483521667555,4.39130155584835,4.522129355039058,5.0,4.929174481081101,3.6711148624303416,4.6192066556442635,4.857024037908976,4.64930071135687,4.605717655383479,4.692565710143756,4.61097526188319,4.7094644294892145,4.775647002437452,4.781287913066596,5.0,4.543440422586686,4.833955485676568,4.863582720058601
35,4.12616667120564,4.080145665544511,4.121302470888672,4.0267116018316615,3.788663923484571,4.320574890994552,3.77853494405151,4.3280629588820245,4.160082301178676,4.427580119564627,4.164840708006157,3.6957980158781356,3.6940247882574075,4.151868425433279,3.631003982334756,3.931556481578615,3.9603873386112354,4.189339104209181,4.171197494176616,3.628907066549422,4.375151194844801,3.811268159731112,4.198884827628535,3.855186255085389,4.28284475784995,4.398207346592031,4.1957475978131695,4.019972124518262,4.109345164919933,4.167462844862767,4.413324580986453,4.603995334094109,3.676641658661155,3.309877931671859,3.9885309568472,3.952577098756618,4.031283344082831,4.348146672623487,4.0098617911813275,3.9113099490122387,3.8442728005330826,4.384027594281537,3.761940701828049,4.022217326167287,4.155822770408507,4.214156928857671,4.0330607945414325,3.8863746741788985,3.8904470769521673,4.2427123878257325,4.259493635210179,4.15121138075727,4.068524866182464,4.329978477860909,4.3033667963216615,3.6769150742296013,4.013840650961837,4.356339546102989,4.015369797409694,4.16859903388116,3.7685128718018266,3.884951792388434,4.162861538391614,3.920252582288547,4.379023924570342,3.816775256132964,4.013899084882589,4.456800848448267,4.198778389434659,3.2097815428970673,4.113215131169719,4.502856730954807,4.136390726851001,4.244725143901037,3.9905875623039133,4.1751426042418744,3.9123848778588597,4.333527659431456,4.145013698810647,4.7350197743937255,4.104970157543342,4.372741539996362,4.199294028556638
36,4.480808457704592,4.591438921628192,4.491589316881309,4.634984806013026,4.108953506344518,4.717884768200686,4.255787888777111,4.519844232318667,4.533505261125332,4.640499268454164,4.322631715194377,3.9489865266594837,4.131178359876375,4.504572567217792,4.07389835513435,4.337634227001974,4.357479270244547,4.383751409786163,4.560996831040369,4.098730876316303,4.658830391118675,4.049102412498208,4.2690695845129945,4.051765313995128,4.645921672730622,4.644870937273919,4.25243542903092,4.332874742674959,4.432651814359829,4.676778441129262,4.624601312091994,4.768878069695,4.005333559824979,3.868759265329152,4.465274746065746,4.050170957265476,4.481374577999266,4.712165696549647,3.9880114600414225,4.150843553132888,4.416052208832983,4.6154597481572015,4.172938913678663,4.586601875109161,4.497257407624426,4.467822395246125,4.238816257668369,4.059054560935176,4.389594580934081,4.557633965107608,4.6664070999868885,4.64537613390082,4.350931745880492,4.781398339998106,4.582639665360083,4.259684407078579,4.316918847565059,4.739139790204292,4.394168536819871,4.4427369101738625,4.2073355451763295,4.1242603704759455,4.563289016780452,4.38242278961512,4.540033847880509,4.224939386280025,4.379967108853949,4.779493906059737,4.960062932015598,3.5161305081616323,4.281103999731355,4.592210384397591,4.2700295751614,4.41391339506879,4.54530640487061,4.418180052060178,4.492377965432061,4.467164944553858,4.80084697995094,4.746037527181617,4.402946894868488,4.6358078839016645,4.602343439529884
37,4.194583295611747,4.5602240268491085,4.59803674680784,4.427393883124345,4.219485262759552,4.572652523274045,4.3081366544421495,4.573160239303641,4.571596713209996,4.624890170088512,4.557577715107423,3.9242632066163115,4.245694000000531,4.644340293894298,4.043373451242134,4.497303367367736,4.449188291843985,4.550875121175725,4.513548641603054,4.223470324945596,4.672646918424666,4.3867524381309275,4.457537884186555,4.083712408450513,4.523835579635795,4.782731954539984,4.377203004219517,4.4264844656954265,4.673430448219272,4.452361009743702,4.657056296650049,4.763270826729576,4.091785733226507,4.073582695167518,4.635846165751532,4.239280161979054,4.476704122251842,4.719290279532113,4.071945878886567,4.140328677108116,4.244102135549035,4.775555421647861,4.276191470181319,4.497886932653009,4.594006419857716,4.68501753751821,4.3895056699887816,4.015882848899589,4.3963591966958,4.689741646980416,4.6569979874730025,4.440157021847357,4.317282346250044,4.790689831134337,4.9320555689748895,4.143770973275698,4.466464532668776,4.589367567289302,4.396195975019341,4.492091244957077,4.339045726232195,4.208219121138413,4.646440429584486,4.399711021739765,4.594129180054047,4.238273251921298,4.337577993247131,4.727674087195337,4.825756708980379,3.68831302179224,4.491781334576834,4.741238624898299,4.674451748502492,4.605920568473787,4.5472002242687815,4.453471085608321,4.412522630137353,4.620181741055821,4.644023500801955,4.541677311416713,4.282404775149383,4.645066691502158,4.564802710051095
38,3.9044714202416495,3.8309801585677206,4.159189640032071,3.872367934642836,3.9037597825567727,4.1879220753096575,3.7010948405503616,4.092353301157279,4.1027314866542035,4.100267621407889,3.9685368816617164,3.435316831080775,3.809571007560734,4.313249799044587,3.64026420245193,3.7340924836833604,3.7490966795813896,4.21218937722874,4.0420352985120465,3.343249158431376,4.118254287934463,3.552691280622235,3.9885612110059845,3.847822414559002,4.092174129663519,4.771898277681997,3.924557233025355,4.041776494337599,4.1282723920418745,4.0250398080875,4.040177382600995,4.338161669123278,3.6206639683754207,3.7224911814327113,3.8873835913712798,3.5875703321560537,4.097430064668917,4.3561599833359566,3.720252737821472,3.8109715016128485,3.8568722876318695,4.141552839878927,3.4854635360900073,4.494145357172926,4.1352993001065785,4.142337088222213,3.782502232580022,3.601514126253874,4.093394788938832,4.296459937536431,4.39225251588622,4.067848737466392,3.968456631024351,4.250399734575802,4.211672452656742,3.758454902825493,4.118405312370118,4.335147930538024,3.963506328321586,3.8633383586135817,3.718700901435003,3.7173514912162853,4.044277591905574,3.6166257785184324,4.136716956931414,3.563968602307384,3.879868001912196,4.364886909184111,4.062281058892868,3.0639173827937523,3.877647916012436,4.061081951518242,3.6314443973384076,4.096142156051335,3.929854133127264,3.9200003093615354,4.018539246656785,4.179995447091507,4.282989596710664,4.082831260994226,3.2105898233076573,4.003130622856826,4.031926143185073
39,4.137157826312801,4.379505132943115,4.112289198070062,4.078901054008165,3.7039861234881557,4.279612684255607,3.861819301406176,4.334504971008939,4.25166745261436,4.3705197639186695,3.9879515592784096,3.7040422404297684,3.902355072624472,4.3216705616291895,3.8748588430032274,4.024195267636804,4.084922634826131,4.232075373449901,4.455893323534738,3.571142443244015,4.399904716873053,3.7755833651079116,4.372168251227922,3.997816463529699,4.4139829215953705,4.5522502738263695,4.244696770409364,4.3319655644445545,4.291705552600582,4.275521145740992,4.34707617154009,4.417131471821842,3.730007503431029,3.4212925237035394,4.117350783286432,4.021507273544331,4.173106226138982,4.5183577438233815,3.918443047233962,3.91755939198107,4.222754614031842,4.349007947331473,3.991472622538378,4.2605969383290185,4.240620444646273,4.435035187355447,4.002528371375286,3.7870203818119745,4.012900560594414,4.250422167515612,4.402500752269377,4.361359616510042,4.160368518212946,4.394570378745849,4.160078101246517,3.9759624931698534,4.0722395071936335,4.562314402716563,4.013628297576251,4.108446675438759,4.029648779311082,4.125796285529779,4.133581409700372,3.8854339801879583,4.366747631178016,3.8192755488720405,4.182687895969436,4.559586849308569,4.26178086755219,3.210029763757349,4.175175233169445,4.178023175252968,4.1209631274101595,4.135438567605039,3.981407500742148,4.111156992055209,4.042106512466551,4.446563294996605,4.3257282474791126,4.849628002042411,4.093925258881258,4.23754975128528,4.2745526851034805
40,4.452953199918816,4.685260800684548,4.612135869325298,4.574897223705273,4.38047994112959,4.672502338249215,4.485125329685645,4.730519062929096,4.775001458245785,4.882556370028642,4.601732381879555,4.269244026948472,4.490876485510639,4.820140775933716,4.431288958158292,4.536239141493302,4.590811002831371,4.589874125759549,4.808072111334705,4.190568985101441,4.85800393626698,4.378656060844916,4.861768154018705,4.291579243799879,4.80983305288783,4.855816061504486,4.698961520961454,4.886703480085278,4.949102951616242,4.936036473953344,4.75248353114651,4.973183139918015,4.165479522386741,3.876462000568805,4.553581699918684,4.166419720831443,4.700358989572292,4.795707555772663,4.342628946505029,4.326335809711871,4.548623904872705,4.873423898664507,4.328213582530532,4.965161994651978,4.68233526369409,4.910678396752509,4.592187914389374,4.29393947231996,4.602517851683831,4.639422112832673,4.701163805680194,4.775329806818722,4.4755120785092055,4.795796192512769,4.841269409933736,4.1790703914596765,4.671047463600969,4.902200198065677,4.58452443442585,4.704498783298071,4.441937829472513,4.439831858034313,4.846201548440994,4.357037656806101,4.870342087569336,4.267378420896221,4.58788872568647,5.0,4.660118758317992,3.549672298658909,4.425752115964322,4.933595286626272,4.597627010098188,4.637756129388118,4.656859881382208,4.508622572064616,4.6640724059266345,4.581518602441534,4.844454837419386,4.94461152131662,4.298059225030933,4.804523565729342,4.585143375424895
41,4.413859180550977,4.66883492231901,4.407638949035601,4.375376325766999,4.114733119558811,4.557754952492892,4.380062827072458,4.627088437226862,4.5610937511955,4.687745216939092,4.429240182546884,3.9983864415477925,4.10833845839325,4.682856434473794,4.132704076673825,4.33886543452325,4.614932680262026,4.525065710473862,4.608495583349435,4.063223483176758,4.485686218521384,3.861927683212938,4.5073905081428824,4.110358777930762,4.682969912602234,4.664182712383014,4.4241152396684695,4.3845262156790294,4.495466506937603,4.824930784010199,4.9197346974308305,4.801601480160718,4.102209700945529,3.959468916654699,4.659792102181604,4.353710179119318,4.437573243907734,4.716748631822904,4.198249172702307,3.8645657134845712,4.315562192040508,4.860873284098375,4.2952046223230775,4.828850149858699,4.717050996521413,4.692115266118313,4.475755201792764,4.133561113068904,4.508450785496427,4.5337840288532645,4.8276797363436055,4.6268578813681405,4.253301908868983,4.677929933203339,4.507753521893578,4.171197429853969,4.704441083481637,4.730619474996156,4.430208801441883,4.415241272396524,4.474826400833205,4.271311584180453,4.7639520148389245,4.370818408950827,4.748014553410239,4.120816550143449,4.297182926627053,4.733925097078389,4.784488915418918,3.639598840541421,4.350838010065487,4.468345280330074,4.256860802680271,4.4993861017086765,4.710913135979005,4.421407175193289,4.4662719858498985,4.533142070623839,4.727315266531902,4.857003393320056,4.317963961881447,4.395480019146239,4.499320591846612
42,3.991260751507507,4.299806558861667,3.969775184677702,3.8416731625541813,3.6517494522839327,4.3470406171578,3.8166797500438565,4.0557251928728535,4.125627963859571,4.446336826295993,3.759926916005377,3.504841692671932,3.380649130613464,4.12471505314109,3.759716341966328,4.031477522170361,4.181454733802856,4.189439362352697,4.034110589598007,3.5163344951836883,4.368808922818884,3.930231904051266,4.136046566610758,3.959150756581149,4.232125120868909,4.182579303159367,4.13885756871536,4.035442578858879,4.2302231801018015,4.441413924780027,4.1385812243101014,4.876989477331146,3.145763357849039,2.1651546096196634,3.96749855639849,3.7217683421725054,4.273203666860397,4.297904644856962,3.9308927620772107,3.6732102808849665,4.042128581653673,4.260529570386381,3.995878433614156,4.12324992283479,4.282931482089751,4.089301939356998,3.7447194853715144,4.009288428646649,3.8976425212639945,4.227153911250925,4.353152592241452,4.758957566624676,4.016733668466678,4.277043868476061,3.915594347472944,3.534359083755762,3.9952218155219983,4.510283763486905,4.015990633582562,3.986293988184876,3.7358782632288787,3.9676546177023515,3.9377134412740196,3.70049521519746,4.308085851291092,3.87659953569735,3.900983739239452,4.410315917728698,4.391280981624495,2.817073725598489,3.893239557401511,4.431296589200934,3.965782213751244,3.8754274449176536,4.101266718207439,4.227465156170091,3.93342595985889,4.187434311528428,4.394842535657707,4.472408694899512,3.933582542458135,4.343025347582259,3.867749838841172
43,3.8040202085860253,3.9544644729923792,3.7059614719428446,3.8964650813726744,3.560573033823451,3.835548100345756,3.4625131207295587,3.709837314651242,3.885151719869936,3.939193453138125,3.737454646690448,3.515460654666834,3.528653736398291,3.7673805628333565,3.5557938483661324,3.6369455666302164,3.909380292116501,3.866265363015,3.9075741871553,3.3852922796374076,4.120451192206673,3.4162493490546755,3.935813334563445,3.4084407249839797,3.9800713937105523,4.045547065869433,3.6214477869686825,3.8850153159044813,3.9474243743364568,3.921367334834774,3.9679453950614376,3.9404676436525983,3.2958884485508477,3.086498893032436,3.9175428554010296,3.1333992769903647,3.906047706918602,4.0524554598398606,3.4701318022178063,3.4655616999921586,3.836998324957232,3.9402583849593933,3.523969866396351,4.0485282391426,3.8555327829340413,3.9556540024150193,3.851282739645912,3.5292309208980948,3.5972256236320845,3.9191344419810163,3.898965934507557,4.153453397980363,3.629010295518042,3.9987085655200776,4.091338681575018,3.621087231497012,3.2605956491085153,3.983634400411693,3.6680772276544977,4.003926225884454,3.5204553730688812,3.482071708547422,3.8914402421509555,3.6159003885629692,3.8347386966005206,3.5127359988896276,3.699264843121398,4.372418647550574,4.034107962062379,2.8116294391847676,3.7407118411203193,4.039061194566481,3.9769579318572843,3.7222557233071467,3.7563869988082956,3.9357198543330463,3.620785222236865,3.726649687051833,3.9260228163438247,4.054779623117885,3.6075428749802487,3.918590190854282,3.8957194991511295
44,3.7997883423390393,4.380130308039173,4.045374755299913,4.312141131371628,3.7348727223110423,4.419292570701965,3.8508890104550444,4.307207161703918,4.16482441882082,4.339638097393387,3.9234353941054163,3.5361186213537024,4.085906915035737,4.3760272345552975,3.83949687660524,4.081131801276069,4.1008470223432285,4.239199509661001,4.322498425475793,3.691681761073006,4.470340062469828,3.80860341558867,4.320701872106792,3.905250298805814,4.306158863426685,4.483061351484598,3.955323471930249,4.009229401027171,4.106896549269967,4.262068782529344,4.233526730010945,4.411827037325934,3.7415418364445134,4.025473058455086,4.219888954002973,3.812027964071943,4.387968351101205,4.89808764823966,3.0880276111499794,3.7387059046746223,4.115471488069718,4.406360529150304,3.905028630014098,4.58091684004986,4.4302116633202395,4.241747080760005,3.9833822150988993,3.0964468239298326,4.410148751561286,4.908614946270666,4.426667672007173,4.334355264077768,3.9997124674634037,4.155970420969438,4.510544880581609,3.890634374428151,4.334660094444839,4.398110772146669,3.9591616486061194,4.007938237894182,4.228739898251555,3.9542159170527262,4.33463232672617,3.7983067787954554,4.359083167413898,3.996562841932519,3.948821704606703,4.316728911117719,4.302134573160971,3.224637399551876,3.93429737274896,4.103933920514718,4.233381648054333,4.113612852823424,3.9673042157612453,4.046889570362444,4.366141750114761,4.291073291353729,4.625484773810396,4.565847393368607,3.908324343561774,4.134347957368797,4.347730064260424
45,3.9119191136883025,4.474505459515715,4.200839924664469,4.327745859163209,3.874301155155271,4.4768898462385645,4.0152776616677235,4.411394028955719,4.116022288929079,4.231898130772508,4.16516761544454,3.834160389682432,4.1391825344289765,4.3631580372856575,3.9960659345825205,4.035681727577157,4.145293449279874,4.360893820368302,4.239459083977601,3.843987060680847,4.3912451013353095,3.563819712563919,4.392172385232854,3.947915854887398,4.3934661871225815,4.31184712103881,4.015294574355505,4.156205808555732,4.327994958150335,4.305139539437654,4.3702169697729865,4.325256547637832,3.7410974220843354,3.8400183114128814,4.208342454393305,3.848037711886628,4.236551466359235,4.3423069444125755,3.8534737342379297,3.1926604954977043,3.899364773201992,4.2669048578823885,3.723422317937936,4.5164675442230156,4.5013356975940155,4.190404231558927,4.372642750299576,3.704415410860825,4.239965425513321,4.2680695856940005,4.434109004164136,4.0937870375708485,4.116176003636626,4.18506209525644,4.339208768457027,4.118760145611738,4.8023740791673335,4.37086481465842,4.209131464478866,4.225628204298724,4.0358140033160295,4.001090727710194,4.495009330345022,4.083081933546777,4.499183419402812,3.9133205625175056,4.014058595362799,4.251095865216419,4.394505773301053,3.20499887269198,4.109897836543458,4.403204674156677,4.248434877744946,4.132485858456861,4.020469292059614,4.247507570494246,4.138969393800983,4.260737453723503,4.362004942774029,4.295286735933992,3.869089792880643,4.2347763463329,4.330546970615907
46,4.282731377591422,4.580634089975688,4.410999343779987,4.554391966009715,4.097423593673743,4.85604364902184,4.19963505749184,4.523166508425117,4.4699078088019055,4.794956258436387,4.589704444960296,4.090999221843454,4.251825109258027,4.627443906234338,4.2788149643380535,4.508446642956616,4.6114442843058105,4.501895511168991,4.606506956422464,4.166323810277031,4.79182461709681,4.170534196431472,4.71332775842991,4.141784632771643,4.785921434638655,4.761166939665516,4.621928884229156,4.580446590266201,4.732898107156747,4.6453797245424235,4.715228793108273,4.760016292670801,4.1422397221040805,3.7444687052625647,4.594674238812811,4.260438992449597,4.48117205793808,4.735590817756005,4.36954789852739,4.39293382113515,4.43869916928371,4.719830305014113,4.284353699232223,4.645450448310578,4.7054294221444115,4.805859419931084,4.5081515356296515,4.328842802436511,4.304734450648129,4.674884943159396,4.501521360748985,4.924169182239698,4.469949936825971,4.633178085007455,4.677748531058495,4.205011285188619,4.5565394712498595,4.869777712918551,4.4228860526054925,4.542517344178888,4.213544668262216,4.363908415091591,4.791939313590731,4.296803700909209,4.740893382650208,4.265844772003182,4.568716191030425,4.897348199061443,4.4881686530454346,3.418153114975563,4.4888494437686575,4.7976323579831845,4.561994127422318,4.627278838531528,4.372810789056237,4.625775407893459,4.5000706185704935,4.817632220559451,4.749482817849783,5.0,4.469747773403226,4.972312779125952,4.713780844010702
47,4.231031178487327,4.551391061469198,4.435763793147317,4.383015394501459,4.220809734663436,4.779668512174897,4.158606203227253,4.5953147029307155,4.644389993449008,4.70777121741899,4.380719166655215,4.0360010190801345,4.310580875153129,4.516480087896614,4.241684538501452,4.23711752211137,4.5318704844199305,4.477767726450164,4.5627884418442,4.106381128899097,4.758471801923312,4.0018713022369345,4.650694573421874,4.112773612499289,4.633241412919946,4.600624965003438,4.430764850287339,4.545424551782319,4.647733464910936,4.665071735218139,4.689312226598958,4.74961154088258,4.007144848310277,3.905871434269646,4.459085249320095,3.990982401502891,4.511855379481714,4.601899427006225,4.293744436022013,4.030725706372462,4.387157555625899,4.528426360142981,4.188921599768511,4.707593350070088,4.629361502967729,4.592157368646216,4.407389909313433,4.143998551976904,4.49451486289002,4.636425713740427,4.56756819693937,4.559407426851015,4.38469495654613,4.5872572582019036,4.741592275908698,4.288443674467922,4.873218215718268,4.5952691606054294,4.487991449918704,4.599449692390864,4.207836462398943,4.255523802785002,4.796250248989366,4.349385517663337,4.74003782728531,4.105601510436966,4.461969828797325,4.7859752354979825,4.564234532792216,3.108224789670465,4.348528363401659,4.756831690708003,4.581539644883326,4.586455534672077,4.448797073330379,4.427842947467354,4.383908221970468,4.529507552978742,4.801495502028561,4.6050134344567795,4.288557397848319,4.645036791481695,4.515888222725546
48,4.4239034933348576,4.548184192321723,4.431316429677411,4.540423669775865,4.053886660882001,4.719651665970836,4.194640061434319,4.373977740368945,4.481100115388983,4.541969107721025,4.257889120467962,3.722162601763976,4.055765267346387,4.485370563328569,4.093414321956037,4.212408656713903,4.350320774540672,4.521632571450784,4.417753879686864,4.035536523691377,4.652736480899155,4.156950759639584,4.3240699053435,4.044273622769124,4.481007306925192,4.760385443155042,4.357012591401821,4.401238696814141,4.375275137901349,4.560475869101873,4.651636069887047,4.8057341789472705,3.9080700872553393,3.8900519676630463,4.582035389270989,4.039422422194198,4.514049726722448,4.73204339635712,3.8746839945107836,4.127584344630011,4.4184969043490705,4.681143303005386,4.14944959321968,4.62658983347997,4.442826015266642,4.425740195275476,4.060733783464266,4.165668477346842,4.439245214537305,4.671472177918962,4.683818211400431,4.633965047652015,4.373421883455844,4.692443458158084,4.548414779263159,4.264406709688786,4.482487468485252,4.704809410702862,4.440234610360529,4.404056455138913,4.238308487991167,4.10950369389301,4.469046680252387,4.299327399420762,4.44131397049868,4.189143397368684,4.322129937471074,4.778914548745724,4.9706856489340385,3.353842538059546,4.2769825315595815,4.466554330206268,4.291548041483719,4.3559925890855045,4.451017238796564,4.430694450082876,4.379990650311012,4.584161428773686,4.963153107492292,4.5793978521879195,4.299441306736447,4.6230484138138275,4.583498303562896
49,4.055571981533573,4.438713684866003,4.337313835851594,4.222066904122904,4.234615868822935,4.205220194734997,4.238441588792039,4.501247517580693,4.228040256027332,4.6998444987138335,4.385403473933766,3.97674314203152,4.073395827341486,4.640788456155249,4.079547279635392,4.287882054930706,4.118494018177843,4.241333686299853,4.54965520798905,3.9325959093440512,4.690531599043019,4.146125823341386,4.3833895934816836,4.031218209006118,4.534011084819901,4.57375811010455,4.460120291036065,4.487700122924495,4.462591079245017,4.489400536732657,4.451242937409718,4.755838505030066,3.8396469459382456,3.637582237302089,4.301003224543706,4.068331951439607,4.393556360747315,4.6578096643612765,3.875973159913395,3.9669153646891946,4.00032549690607,4.865483644781561,3.9201818695926294,4.568807543943301,4.345174727068542,4.647709792116331,4.265412923490515,3.964937887312469,4.389362979442119,4.3620709386816285,4.458909599372199,4.133820542610247,4.183584594301728,4.45207847072662,4.706297665023875,3.866108276881147,4.479978078006283,4.623785444767174,4.2014585577912795,4.310883557753885,4.204982979006803,4.2371161810582185,4.410929366375752,4.272603270727921,4.547342981138389,4.076192071740757,4.2724116370146215,4.7094320773294704,4.5208030310152365,3.752750332531594,4.152991432783023,4.7209818536718915,4.275074826475148,4.442606432876605,4.39417984630739,4.411567864285188,4.250891443202463,4.371830688277064,4.5709379759012885,4.784463789645275,4.263300316467425,4.460562647233893,4.513890482493727
50,3.940881618274439,4.03025367280797,4.099516313359742,3.9921864611230156,3.8802467385469646,4.144657771468956,3.900239352348487,4.345024271341894,4.013182787447635,4.2915499713062895,3.9422329525752473,3.3857402559413656,4.020309297180454,4.404559542793552,3.5866847462915987,3.741825071490952,3.9789327643907977,3.9775754827319534,4.17577251200867,3.4263611307977095,4.094008437605694,3.6807096475301013,3.7980190268042198,3.665030420229485,3.8221604423346314,4.284972772275064,4.024401031196396,4.245964133505243,4.033364497940571,3.9833615693564197,4.013263025004814,4.2146456348110695,3.7300864982149524,3.637260961088585,3.8600150462436384,3.7428449441131906,3.978939765258909,4.077060046095796,3.840780870168258,3.6170917604069333,3.8438289100690106,4.197490105837221,3.102380361406004,4.231509258532445,4.185865097166744,4.140875188866596,4.0397209864186125,3.72098991122554,4.03976439230542,4.1596754202100295,4.185334296150608,4.060425975715934,4.109619956183385,4.1888853670656525,4.151888283137361,3.6600502286280125,4.266436302522986,4.410123117766037,4.037698962582977,4.020952923999602,3.6467005414932214,3.69269098296456,4.162361688496643,3.7334224375358045,4.107609401728089,3.5682206056830568,3.8447697765720124,4.189666722058105,4.152681906846599,3.141162841837998,3.982703677093569,4.212297383803575,3.895094961824753,4.187464611564959,3.8877343718674684,4.143381700051017,4.103984176345554,4.06580436785209,4.258373464613385,4.2217125482465425,3.851713542988454,4.15551558200292,4.166011920876679
51,4.382014142401075,4.305866207534236,4.105769399898902,4.327942109978095,3.8904089145085434,4.560137750904075,3.925989856057992,4.349294943742962,4.312299554912451,4.2235463035851355,4.0190520079223795,3.8214654683028555,4.002285292625024,4.278436333396415,3.860202708399595,4.046846644497777,4.082465804373241,4.318583563231546,4.321988476834441,3.739888728118406,4.44987959573788,3.6487050420838765,4.435117689648762,3.943844807142236,4.319782307663615,4.479707055171354,4.295025609491533,4.079156109245895,4.2259597345243565,4.520140140135046,4.519399229548677,4.396244601236383,3.8721894534716146,3.6280826268909054,4.08688957634375,3.801173779144753,4.229868344536289,4.391741643774901,4.118970843354784,3.813525318973223,4.245701077566275,4.20819762636638,3.7494064479968117,4.835025909436594,4.348506674952527,4.116838210101583,4.21953074614632,3.8952350467355505,4.034308187034646,4.386619645725994,4.413803465759016,4.380209663984766,4.104103843248941,4.3535329001035405,4.273524579027969,3.913400055808639,4.357994124722821,4.607395372271394,4.270325525592332,4.34304492141807,3.9479183854981423,3.824000852581472,4.585205999971401,3.8524702957681503,4.412209645899073,3.86766517152593,4.099645820516373,4.504894845993738,4.24300798392457,2.9750030289150264,3.9989055989692663,4.5268928900345,4.106030790655707,4.166878006529119,4.22986048868566,4.147497499080481,4.397915336522991,4.339908961677556,4.470970475747012,4.523645227727864,3.936605371632522,4.272344179611461,4.37073678532949
